MSE,R2_Score
0.021035997,0.9790575616061687
