{"MSE":0.0210359972,"R2_Score":0.9790575616}
